"Carimbo de data/hora","1. Que a cozinha tenha m√°quinas capazes de cortar ou cozinhar alimentos automaticamente. ","2. Que a cozinha tenha mecanismos de auto limpeza.","3. Que os m√≥veis/eletrodom√™sticos da cozinha se ajustem para facilitar minhas tarefas.","4. Estimular o consumo dos alimentos dentro de suas datas de validade.","5. Existir um controle de estoque que atualize a lista de compras conforme o consumo.","6. Automatizar as compras da casa de acordo com a lista de compras.","7. Que card√°pios sejam sugeridos com base em prefer√™ncias, restri√ß√µes alimentares (sa√∫de), e com base nos estoques.","8. Que existam mecanismos que ajudem no gerenciamento de lixo e facilitem a reciclagem.","9. Que existam mecanismos que ajudem a economizar energia e √°gua (mecanismos de sustentabilidade).","10. Que a cozinha seja capaz de ensinar t√©cnicas de culin√°ria, inclusive lembrando de t√©cnicas utilizadas na pr√≥pria cozinha.","Ent√£o: se acredita que faltou algo, coloque abaixo o que voc√™ gostaria de ver nessa lista."
"2018/06/17 9:46:36 AM GMT-3","Boa ideia","√ìtima ideia","Boa ideia","√ìtima ideia","√ìtima ideia","√ìtima ideia","Boa ideia","Boa ideia","√ìtima ideia","OK",""
"2018/06/17 9:51:19 AM GMT-3","Boa ideia","√ìtima ideia","Boa ideia","√ìtima ideia","√ìtima ideia","Boa ideia","OK","√ìtima ideia","√ìtima ideia","Boa ideia",""
"2018/06/17 10:04:08 AM GMT-3","√ìtima ideia","√ìtima ideia","√ìtima ideia","√ìtima ideia","√ìtima ideia","√ìtima ideia","√ìtima ideia","√ìtima ideia","√ìtima ideia","√ìtima Ideia","A despensa poderia ser automatizada com mecanismos que organizassem os alimentos de acordo com os crit√©rios acima, data de validade e card√°pio, tipo um edif√≠cio garagem, todos os carros entram pelo mesmo local e s√£o destinados √†s vagas"
"2018/06/17 10:09:13 AM GMT-3","Boa ideia","√ìtima ideia","Boa ideia","OK","Creio que pouco ajuda","Boa ideia","Boa ideia","Boa ideia","√ìtima ideia","OK",""
"2018/06/17 10:12:17 AM GMT-3","Desnecess√°rio","√ìtima ideia","√ìtima ideia","Boa ideia","Desnecess√°rio","Desnecess√°rio","√ìtima ideia","√ìtima ideia","√ìtima ideia","√ìtima Ideia",""
"2018/06/17 10:17:34 AM GMT-3","Boa ideia","√ìtima ideia","Boa ideia","√ìtima ideia","√ìtima ideia","√ìtima ideia","Boa ideia","√ìtima ideia","√ìtima ideia","Boa ideia",""
"2018/06/17 10:18:39 AM GMT-3","√ìtima ideia","√ìtima ideia","√ìtima ideia","OK","Desnecess√°rio","Desnecess√°rio","Desnecess√°rio","√ìtima ideia","√ìtima ideia","OK",""
"2018/06/17 10:28:19 AM GMT-3","√ìtima ideia","√ìtima ideia","Boa ideia","√ìtima ideia","√ìtima ideia","Boa ideia","√ìtima ideia","Boa ideia","√ìtima ideia","Boa ideia",""
"2018/06/17 10:41:55 AM GMT-3","√ìtima ideia","√ìtima ideia","√ìtima ideia","√ìtima ideia","√ìtima ideia","√ìtima ideia","√ìtima ideia","√ìtima ideia","√ìtima ideia","√ìtima Ideia",""
"2018/06/17 10:44:08 AM GMT-3","√ìtima ideia","√ìtima ideia","Boa ideia","√ìtima ideia","√ìtima ideia","√ìtima ideia","√ìtima ideia","√ìtima ideia","√ìtima ideia","Boa ideia",""
"2018/06/17 10:52:50 AM GMT-3","√ìtima ideia","√ìtima ideia","√ìtima ideia","√ìtima ideia","√ìtima ideia","√ìtima ideia","√ìtima ideia","√ìtima ideia","√ìtima ideia","√ìtima Ideia","Est√° perfeita! Cozinha dos sonhos !"
"2018/06/17 11:00:32 AM GMT-3","√ìtima ideia","√ìtima ideia","OK","√ìtima ideia","√ìtima ideia","√ìtima ideia","√ìtima ideia","√ìtima ideia","√ìtima ideia","Boa ideia",""
"2018/06/17 11:10:10 AM GMT-3","√ìtima ideia","√ìtima ideia","√ìtima ideia","√ìtima ideia","√ìtima ideia","√ìtima ideia","√ìtima ideia","√ìtima ideia","√ìtima ideia","√ìtima Ideia",""
"2018/06/17 11:11:12 AM GMT-3","√ìtima ideia","√ìtima ideia","Boa ideia","√ìtima ideia","√ìtima ideia","Boa ideia","√ìtima ideia","√ìtima ideia","√ìtima ideia","Boa ideia","Mecanismos que conservem a comida por mais tempo e que acelere o preparo."
"2018/06/17 11:13:09 AM GMT-3","Boa ideia","Boa ideia","√ìtima ideia","√ìtima ideia","√ìtima ideia","√ìtima ideia","√ìtima ideia","√ìtima ideia","√ìtima ideia","Boa ideia",""
"2018/06/17 11:22:29 AM GMT-3","√ìtima ideia","√ìtima ideia","√ìtima ideia","√ìtima ideia","√ìtima ideia","OK","√ìtima ideia","√ìtima ideia","√ìtima ideia","OK",""
"2018/06/17 11:47:44 AM GMT-3","Boa ideia","√ìtima ideia","√ìtima ideia","√ìtima ideia","√ìtima ideia","√ìtima ideia","√ìtima ideia","√ìtima ideia","√ìtima ideia","Boa ideia",""
"2018/06/17 12:01:58 PM GMT-3","Boa ideia","√ìtima ideia","Boa ideia","√ìtima ideia","OK","OK","Creio que pouco ajuda","√ìtima ideia","√ìtima ideia","OK",""
"2018/06/17 12:12:04 PM GMT-3","Boa ideia","OK","Boa ideia","√ìtima ideia","√ìtima ideia","OK","√ìtima ideia","OK","√ìtima ideia","OK",""
"2018/06/17 12:20:49 PM GMT-3","√ìtima ideia","√ìtima ideia","√ìtima ideia","√ìtima ideia","√ìtima ideia","√ìtima ideia","√ìtima ideia","√ìtima ideia","√ìtima ideia","√ìtima Ideia",""
"2018/06/17 12:35:55 PM GMT-3","√ìtima ideia","√ìtima ideia","OK","Creio que pouco ajuda","OK","Boa ideia","√ìtima ideia","√ìtima ideia","√ìtima ideia","Creio que pouco ajuda",""
"2018/06/17 12:40:13 PM GMT-3","Boa ideia","Boa ideia","Creio que pouco ajuda","√ìtima ideia","√ìtima ideia","√ìtima ideia","√ìtima ideia","Boa ideia","√ìtima ideia","√ìtima Ideia","Come√ßar pelos mais f√°ceis de implementar. Tem id√©ias acima que s√£o desejo humano h√° muito tempo, mas que at√© hoje n√£o sa√≠ram do papel. 

Colocar duas colunas ao lado de cada id√©ia para classificar: ganho e custo. Focar as tarefas que tem grande ganho e pouco custo (na minha opini√£o sao as que marquei como √≥tima id√©ia). Eliminar as tarefas pouco ganho e grande custo. 

Com internet das coisas (internet na geladeira, rfid na despensa, etc) fica fact√≠vel fazer coisas como as id√©ias de software."
"2018/06/17 12:41:26 PM GMT-3","OK","√ìtima ideia","√ìtima ideia","√ìtima ideia","√ìtima ideia","√ìtima ideia","√ìtima ideia","√ìtima ideia","√ìtima ideia","Boa ideia","Que as m√°quinas utilizadas na cozinha sejam capazes de detectar o n√≠vel de agrot√≥xico (veneno) que estamos ingerindo nos alimentos. "
"2018/06/17 12:43:02 PM GMT-3","Boa ideia","√ìtima ideia","√ìtima ideia","Creio que pouco ajuda","Boa ideia","Desnecess√°rio","√ìtima ideia","√ìtima ideia","√ìtima ideia","Boa ideia",""
"2018/06/17 12:43:22 PM GMT-3","√ìtima ideia","Creio que pouco ajuda","√ìtima ideia","√ìtima ideia","√ìtima ideia","OK","√ìtima ideia","√ìtima ideia","√ìtima ideia","OK","Acredito ser tambem importante gerenciar fluxo de pessoas, pra maior aproveitamento do tempo e consequentemente rendimento da cozinha,  os m√©todos Lean contribuem muito pra isso.
Isso ajudaria em cozinhas de grande porte."
"2018/06/17 12:45:35 PM GMT-3","Boa ideia","√ìtima ideia","√ìtima ideia","√ìtima ideia","√ìtima ideia","√ìtima ideia","√ìtima ideia","√ìtima ideia","√ìtima ideia","√ìtima Ideia",""
"2018/06/17 12:52:27 PM GMT-3","Boa ideia","√ìtima ideia","Creio que pouco ajuda","√ìtima ideia","Boa ideia","√ìtima ideia","√ìtima ideia","Boa ideia","√ìtima ideia","Creio que pouco ajuda","Tudo perfeito "
"2018/06/17 12:55:51 PM GMT-3","Boa ideia","√ìtima ideia","Boa ideia","OK","√ìtima ideia","√ìtima ideia","OK","√ìtima ideia","√ìtima ideia","Boa ideia",""
"2018/06/17 1:04:15 PM GMT-3","OK","√ìtima ideia","√ìtima ideia","√ìtima ideia","√ìtima ideia","√ìtima ideia","√ìtima ideia","√ìtima ideia","√ìtima ideia","OK","A automa√ß√£o n√£o pode tirar o prazer das pessoas cozinharem."
"2018/06/17 1:10:16 PM GMT-3","√ìtima ideia","√ìtima ideia","√ìtima ideia","√ìtima ideia","√ìtima ideia","√ìtima ideia","√ìtima ideia","√ìtima ideia","√ìtima ideia","√ìtima Ideia","Que n√£o se gaste tanta energia nesse tipo de atividade humana!!! Vamos aprender o valor do prana!!! Assim o desenvolvimento humano poder√° ser maior!!!"
"2018/06/17 1:10:30 PM GMT-3","√ìtima ideia","√ìtima ideia","√ìtima ideia","√ìtima ideia","√ìtima ideia","√ìtima ideia","√ìtima ideia","√ìtima ideia","√ìtima ideia","√ìtima Ideia",""
"2018/06/17 1:13:33 PM GMT-3","Boa ideia","√ìtima ideia","√ìtima ideia","√ìtima ideia","Boa ideia","Desnecess√°rio","Creio que pouco ajuda","√ìtima ideia","√ìtima ideia","Creio que pouco ajuda",""
"2018/06/17 1:35:45 PM GMT-3","√ìtima ideia","√ìtima ideia","√ìtima ideia","√ìtima ideia","√ìtima ideia","√ìtima ideia","√ìtima ideia","√ìtima ideia","√ìtima ideia","√ìtima Ideia","Que a cozinha estimule a compra e a prepara√ß√£o de comida de verdade, sugerindo card√°pios com hortali√ßas e frutas da √©poca e fornecidas no entorno das casas, valorizando a comida de qualidade e a produ√ß√£o local."
"2018/06/17 1:45:16 PM GMT-3","Boa ideia","Boa ideia","Boa ideia","√ìtima ideia","√ìtima ideia","√ìtima ideia","√ìtima ideia","√ìtima ideia","√ìtima ideia","√ìtima Ideia",""
"2018/06/17 2:57:38 PM GMT-3","√ìtima ideia","√ìtima ideia","√ìtima ideia","√ìtima ideia","√ìtima ideia","√ìtima ideia","√ìtima ideia","√ìtima ideia","√ìtima ideia","√ìtima Ideia","Achei mara"
"2018/06/17 3:27:12 PM GMT-3","√ìtima ideia","√ìtima ideia","OK","OK","OK","OK","Boa ideia","√ìtima ideia","Boa ideia","OK",""
"2018/06/17 5:30:26 PM GMT-3","√ìtima ideia","√ìtima ideia","√ìtima ideia","√ìtima ideia","√ìtima ideia","√ìtima ideia","√ìtima ideia","√ìtima ideia","√ìtima ideia","√ìtima Ideia","Descascar e higienizar os alimentos "
"2018/06/17 5:49:35 PM GMT-3","Boa ideia","√ìtima ideia","√ìtima ideia","Boa ideia","Boa ideia","Boa ideia","Boa ideia","Boa ideia","Boa ideia","Boa ideia",""
"2018/06/17 7:08:43 PM GMT-3","Boa ideia","√ìtima ideia","Boa ideia","√ìtima ideia","Boa ideia","Boa ideia","√ìtima ideia","√ìtima ideia","√ìtima ideia","Boa ideia",""
"2018/06/17 8:01:02 PM GMT-3","Boa ideia","√ìtima ideia","Boa ideia","√ìtima ideia","Boa ideia","Boa ideia","Boa ideia","√ìtima ideia","Boa ideia","OK",""
"2018/06/17 8:44:08 PM GMT-3","√ìtima ideia","√ìtima ideia","Boa ideia","Boa ideia","√ìtima ideia","√ìtima ideia","√ìtima ideia","√ìtima ideia","√ìtima ideia","√ìtima Ideia",""
"2018/06/18 10:23:29 AM GMT-3","√ìtima ideia","√ìtima ideia","Creio que pouco ajuda","√ìtima ideia","√ìtima ideia","√ìtima ideia","Boa ideia","√ìtima ideia","√ìtima ideia","√ìtima Ideia",""
"2018/06/18 11:15:00 AM GMT-3","√ìtima ideia","√ìtima ideia","Boa ideia","√ìtima ideia","√ìtima ideia","√ìtima ideia","√ìtima ideia","√ìtima ideia","√ìtima ideia","√ìtima Ideia",""
"2018/06/18 11:46:27 AM GMT-3","OK","√ìtima ideia","√ìtima ideia","Creio que pouco ajuda","Boa ideia","√ìtima ideia","√ìtima ideia","√ìtima ideia","√ìtima ideia","√ìtima Ideia",""
"2018/06/18 3:48:20 PM GMT-3","√ìtima ideia","√ìtima ideia","√ìtima ideia","√ìtima ideia","√ìtima ideia","√ìtima ideia","√ìtima ideia","√ìtima ideia","√ìtima ideia","√ìtima Ideia","N√£o gosto de cozinhar, por isso tudo q me facilitar nessa √°rea ser√° sempre bem vindo. Al√©m do q, perdemos menos tempo com toda essa tecnologia. Parab√©ns!"
"2018/06/18 10:37:08 PM GMT-3","OK","√ìtima ideia","Boa ideia","Creio que pouco ajuda","Desnecess√°rio","Creio que pouco ajuda","OK","Boa ideia","√ìtima ideia","OK",""
"2018/06/20 11:10:14 AM GMT-3","Desnecess√°rio","√ìtima ideia","√ìtima ideia","√ìtima ideia","√ìtima ideia","√ìtima ideia","√ìtima ideia","√ìtima ideia","√ìtima ideia","Boa ideia",""
"2018/06/20 11:11:15 AM GMT-3","√ìtima ideia","√ìtima ideia","Boa ideia","√ìtima ideia","√ìtima ideia","√ìtima ideia","√ìtima ideia","√ìtima ideia","√ìtima ideia","Boa ideia",""
"2018/06/20 11:26:42 AM GMT-3","√ìtima ideia","√ìtima ideia","Boa ideia","Boa ideia","Boa ideia","Creio que pouco ajuda","Creio que pouco ajuda","√ìtima ideia","√ìtima ideia","Boa ideia",""
"2018/06/20 11:37:01 AM GMT-3","√ìtima ideia","√ìtima ideia","Boa ideia","Boa ideia","√ìtima ideia","√ìtima ideia","√ìtima ideia","Boa ideia","Boa ideia","Creio que pouco ajuda",""
"2018/06/20 11:37:09 AM GMT-3","Boa ideia","√ìtima ideia","OK","OK","Boa ideia","Boa ideia","Boa ideia","Creio que pouco ajuda","Boa ideia","OK",""
"2018/06/20 11:38:03 AM GMT-3","√ìtima ideia","√ìtima ideia","Creio que pouco ajuda","OK","√ìtima ideia","√ìtima ideia","√ìtima ideia","√ìtima ideia","√ìtima ideia","OK",""
"2018/06/20 11:56:43 AM GMT-3","√ìtima ideia","√ìtima ideia","√ìtima ideia","√ìtima ideia","√ìtima ideia","√ìtima ideia","√ìtima ideia","√ìtima ideia","√ìtima ideia","√ìtima Ideia",""
"2018/06/20 1:11:47 PM GMT-3","√ìtima ideia","√ìtima ideia","√ìtima ideia","Boa ideia","OK","OK","√ìtima ideia","√ìtima ideia","√ìtima ideia","Creio que pouco ajuda",""
"2018/06/20 1:11:52 PM GMT-3","OK","√ìtima ideia","Desnecess√°rio","Boa ideia","OK","Creio que pouco ajuda","OK","√ìtima ideia","√ìtima ideia","OK",""
"2018/06/20 1:12:12 PM GMT-3","√ìtima ideia","√ìtima ideia","Boa ideia","√ìtima ideia","OK","Desnecess√°rio","√ìtima ideia","√ìtima ideia","√ìtima ideia","Boa ideia",""
"2018/06/20 1:12:24 PM GMT-3","Creio que pouco ajuda","√ìtima ideia","√ìtima ideia","Boa ideia","OK","Boa ideia","Boa ideia","√ìtima ideia","√ìtima ideia","Desnecess√°rio",""
"2018/06/20 1:14:10 PM GMT-3","Creio que pouco ajuda","√ìtima ideia","Creio que pouco ajuda","√ìtima ideia","Desnecess√°rio","Creio que pouco ajuda","Boa ideia","√ìtima ideia","OK","Creio que pouco ajuda",""
"2018/06/20 1:15:08 PM GMT-3","Boa ideia","√ìtima ideia","√ìtima ideia","√ìtima ideia","√ìtima ideia","√ìtima ideia","√ìtima ideia","√ìtima ideia","√ìtima ideia","√ìtima Ideia",""
"2018/06/20 1:22:44 PM GMT-3","√ìtima ideia","√ìtima ideia","Boa ideia","√ìtima ideia","√ìtima ideia","√ìtima ideia","√ìtima ideia","√ìtima ideia","√ìtima ideia","Boa ideia","Item 3: ajustar automaticamente constantemente pode fazer com que, em casos extremos, Acesso a determinado item ou produto deixe de ser ‚ÄúOPT‚Äù ( determinado item, com essa adapta√ß√£o, mude de local que antes j√° estava pratico acessar)"
"2018/06/20 1:24:13 PM GMT-3","√ìtima ideia","√ìtima ideia","√ìtima ideia","√ìtima ideia","Boa ideia","√ìtima ideia","√ìtima ideia","Boa ideia","Boa ideia","OK",""
"2018/06/20 1:25:57 PM GMT-3","Boa ideia","√ìtima ideia","Boa ideia","OK","OK","Boa ideia","Boa ideia","Boa ideia","Boa ideia","Boa ideia",""
"2018/06/20 1:45:32 PM GMT-3","√ìtima ideia","√ìtima ideia","Boa ideia","√ìtima ideia","√ìtima ideia","OK","√ìtima ideia","√ìtima ideia","√ìtima ideia","√ìtima Ideia",""
"2018/06/20 2:12:52 PM GMT-3","√ìtima ideia","√ìtima ideia","√ìtima ideia","√ìtima ideia","√ìtima ideia","Boa ideia","Boa ideia","√ìtima ideia","√ìtima ideia","√ìtima Ideia",""
"2018/06/20 2:26:43 PM GMT-3","Boa ideia","√ìtima ideia","√ìtima ideia","√ìtima ideia","√ìtima ideia","Boa ideia","√ìtima ideia","Boa ideia","√ìtima ideia","OK","Que tenha integra√ß√£o com restaurantes para pedidos de delivery sugeridos de acordo com a prefer√™ncia. Que talheres, pratos etc possam ser entregues de acordo com a necessidade. "
"2018/06/20 4:52:30 PM GMT-3","Boa ideia","√ìtima ideia","√ìtima ideia","√ìtima ideia","√ìtima ideia","√ìtima ideia","√ìtima ideia","√ìtima ideia","√ìtima ideia","Boa ideia","Talvez se aplique ao primeiro item e parcialmente ao 8 (pelo manejo de res√≠duos), por√©m n√£o fica muito claro: que al√©m de mecanizar os cortes e cozimento, tais processos sejam feitos de modo a incentivar o aproveitamento integral do alimento e/ou o menor desped√≠cio poss√≠vel (exemplo: Fator de Corre√ß√£o de hortifr√∫ti por retirada de cascas, sementes, talos, etc.). Uma considera√ß√£o tamb√©m: o item 10 me pareceu meio confuso - mas se eu entendi bem, seria um sistema de aprendizado baseado na produ√ß√£o de alimentos anterior - mas nesse caso, a cozinha aprenderia as t√©cnicas com um cozinheiro previamente ou seriam imputados dados de como fazer antes e, baseado nisso o Cozinheiro receberia as instru√ß√µes - ou ambos casos?"
"2018/06/20 6:16:04 PM GMT-3","Desnecess√°rio","√ìtima ideia","√ìtima ideia","√ìtima ideia","√ìtima ideia","√ìtima ideia","√ìtima ideia","√ìtima ideia","√ìtima ideia","√ìtima Ideia",""
"2018/06/20 11:09:44 PM GMT-3","Boa ideia","√ìtima ideia","√ìtima ideia","Boa ideia","Boa ideia","Boa ideia","Boa ideia","Boa ideia","OK","OK",""
"2018/06/22 12:00:58 PM GMT-3","Boa ideia","√ìtima ideia","Boa ideia","√ìtima ideia","√ìtima ideia","√ìtima ideia","OK","Boa ideia","Boa ideia","Boa ideia","Utilizar Voz ou gestos para interagir com eletrodom√©sticos.
"
"2018/06/26 5:04:49 PM GMT-3","OK","√ìtima ideia","OK","√ìtima ideia","Boa ideia","OK","√ìtima ideia","OK","Boa ideia","Creio que pouco ajuda",""
"2018/06/26 5:08:08 PM GMT-3","Creio que pouco ajuda","√ìtima ideia","OK","√ìtima ideia","√ìtima ideia","OK","√ìtima ideia","√ìtima ideia","√ìtima ideia","Boa ideia",""
"2018/06/26 5:23:38 PM GMT-3","Boa ideia","√ìtima ideia","√ìtima ideia","OK","OK","Creio que pouco ajuda","Desnecess√°rio","Desnecess√°rio","Creio que pouco ajuda","OK","Mecanismos que ponham e tirem pratos, panelas etc da maquina de lavar e os guardem em lugar correto"
"2018/06/26 5:51:14 PM GMT-3","Boa ideia","√ìtima ideia","√ìtima ideia","√ìtima ideia","Boa ideia","OK","√ìtima ideia","√ìtima ideia","√ìtima ideia","√ìtima Ideia","Que a cozinha lembre de datas importantes para fam√≠lia como casamento, anivers√°rios, datas folcl√≥ricas. Selecionaria para esses dias, card√°pios t√≠picos e especias e chamaria os membros da fam√≠lia para encontros na pr√≥pria cozinha para celebra√ß√£o. üòä"
"2018/06/26 5:56:36 PM GMT-3","Boa ideia","√ìtima ideia","Desnecess√°rio","√ìtima ideia","√ìtima ideia","Desnecess√°rio","OK","√ìtima ideia","√ìtima ideia","Boa ideia","Lavar e secar alimentos de maneira eficiente, para armazenar  garantindo durabilidade. Gerenciar o disperd√≠cio."
"2018/06/26 6:30:30 PM GMT-3","√ìtima ideia","√ìtima ideia","OK","Boa ideia","OK","OK","Creio que pouco ajuda","Creio que pouco ajuda","Boa ideia","Creio que pouco ajuda",""
"2018/06/26 7:51:43 PM GMT-3","√ìtima ideia","√ìtima ideia","Boa ideia","√ìtima ideia","√ìtima ideia","OK","√ìtima ideia","√ìtima ideia","√ìtima ideia","Boa ideia","Controle de hor√°rios para adiantar tarefas automatizadas na cozinha.
Agenda de eventos para que a cozinha avise da falta de algo e inicialize os preparativos.
Comunica√ß√£o pelo celular para confirmar eventos. Uma conversa com a cozinha."
"2018/06/26 9:15:18 PM GMT-3","Boa ideia","√ìtima ideia","√ìtima ideia","OK","Boa ideia","OK","√ìtima ideia","√ìtima ideia","√ìtima ideia","OK",""
"2018/06/26 9:32:15 PM GMT-3","√ìtima ideia","√ìtima ideia","Boa ideia","√ìtima ideia","√ìtima ideia","Boa ideia","OK","Boa ideia","√ìtima ideia","Creio que pouco ajuda","Creio que a cozinha possa auxiliar na temperatura dos alimentos que devem ser mantidos gelados e congelados de acordo com o informado pelo fabricante na embalagem."
"2018/06/26 9:43:26 PM GMT-3","OK","Boa ideia","√ìtima ideia","√ìtima ideia","Boa ideia","OK","Boa ideia","√ìtima ideia","√ìtima ideia","Boa ideia",""
"2018/06/26 9:45:39 PM GMT-3","√ìtima ideia","√ìtima ideia","OK","Boa ideia","Boa ideia","OK","√ìtima ideia","OK","OK","OK","Uma faca que corte qualquer tipo de alimento por√©m nunca corte a carne humana (evita acidentes). Um fog√£o que apague automaticamente sua chama se perceber que a comida est√° queimando, ou que j√° cozinhou demais, ou que tiraram a panela e esqueceram de desligar. Um app de receita interligado com seu estoque, onde voc√™ diga o prato que quer cozinhas e ele aponte o que est√° faltando."
"2018/06/26 9:45:49 PM GMT-3","√ìtima ideia","√ìtima ideia","√ìtima ideia","√ìtima ideia","√ìtima ideia","√ìtima ideia","√ìtima ideia","Boa ideia","Boa ideia","Boa ideia",""
"2018/06/26 9:53:27 PM GMT-3","√ìtima ideia","√ìtima ideia","√ìtima ideia","√ìtima ideia","√ìtima ideia","√ìtima ideia","√ìtima ideia","√ìtima ideia","√ìtima ideia","√ìtima Ideia","Sistema de exaust√£o  eficaz"
"2018/06/26 9:56:55 PM GMT-3","Boa ideia","√ìtima ideia","Desnecess√°rio","OK","√ìtima ideia","√ìtima ideia","Creio que pouco ajuda","Boa ideia","Boa ideia","OK",""
"2018/06/26 10:02:37 PM GMT-3","√ìtima ideia","√ìtima ideia","Boa ideia","Boa ideia","Boa ideia","√ìtima ideia","Boa ideia","√ìtima ideia","√ìtima ideia","Boa ideia",""
"2018/06/26 10:15:14 PM GMT-3","Boa ideia","Boa ideia","Creio que pouco ajuda","Boa ideia","OK","OK","Boa ideia","Boa ideia","Boa ideia","Creio que pouco ajuda",""
"2018/06/26 10:31:37 PM GMT-3","Boa ideia","√ìtima ideia","√ìtima ideia","√ìtima ideia","√ìtima ideia","Boa ideia","√ìtima ideia","√ìtima ideia","√ìtima ideia","√ìtima Ideia","Que o controle de estoque seja atualizado quando produtos novos forem armazenados.
Que os eletrodom√©sticos armazenem prefer√™ncias e dados do dia-a-dia na nuvem e que estes dados possam ser recuperados por novos eletrodom√©sticos que substitu√≠rem os antigos
Que seja poss√≠vel enviar dados de mal funcionamento para autorizadas mais pr√≥ximas e permita acionar suporte t√©cnico."
"2018/06/26 11:04:58 PM GMT-3","√ìtima ideia","√ìtima ideia","√ìtima ideia","√ìtima ideia","√ìtima ideia","√ìtima ideia","√ìtima ideia","√ìtima ideia","√ìtima ideia","√ìtima Ideia",""
"2018/06/27 12:09:17 AM GMT-3","√ìtima ideia","√ìtima ideia","√ìtima ideia","√ìtima ideia","Boa ideia","OK","Creio que pouco ajuda","Boa ideia","√ìtima ideia","OK","Um fog√£o que voc√™ coloca o tempo necess√°rio da receita e depois do tempo estipulado ele desliga. Um mecanismo para mexer a comida na panela durante o preparo "
"2018/06/27 1:06:20 AM GMT-3","√ìtima ideia","√ìtima ideia","√ìtima ideia","√ìtima ideia","√ìtima ideia","√ìtima ideia","√ìtima ideia","Desnecess√°rio","√ìtima ideia","√ìtima Ideia","Poderia listar algumas coisas, mas aproveito o espa√ßo para criticar o pr√≥prio question√°rio. Acredito que todos os participantes responder√£o ‚Äú√≥tima ideia‚Äù para todas as perguntas, poderia ter sido melhor elaborado. Se eu te perguntar ‚Äúvoc√™ quer uma cozinha m√°gica que atenda a todas as suas demandas e necessidades?‚Äù Qual seria a sua resposta? Me senti respondendo perguntas desta natureza."
"2018/06/27 6:42:15 AM GMT-3","OK","OK","OK","Creio que pouco ajuda","Boa ideia","OK","Boa ideia","√ìtima ideia","Boa ideia","OK",""
"2018/06/27 8:32:59 AM GMT-3","√ìtima ideia","√ìtima ideia","Boa ideia","√ìtima ideia","√ìtima ideia","√ìtima ideia","√ìtima ideia","Boa ideia","√ìtima ideia","√ìtima Ideia","Que as listas de compras fossem atualizadas j√° quando eu entrasse com o n√∫mero do cupom da compra. Sem precisar ficar cadastrados os itens comprados."
"2018/06/27 9:33:26 AM GMT-3","Boa ideia","√ìtima ideia","Boa ideia","√ìtima ideia","Boa ideia","√ìtima ideia","√ìtima ideia","√ìtima ideia","√ìtima ideia","Boa ideia",""
"2018/06/27 10:30:57 AM GMT-3","OK","Boa ideia","Boa ideia","Boa ideia","Boa ideia","OK","Boa ideia","Boa ideia","Boa ideia","Boa ideia",""
"2018/06/27 7:57:55 PM GMT-3","Desnecess√°rio","Boa ideia","√ìtima ideia","√ìtima ideia","√ìtima ideia","Desnecess√°rio","√ìtima ideia","√ìtima ideia","√ìtima ideia","√ìtima Ideia",""
"2018/06/27 9:19:55 PM GMT-3","√ìtima ideia","√ìtima ideia","√ìtima ideia","√ìtima ideia","√ìtima ideia","√ìtima ideia","√ìtima ideia","√ìtima ideia","√ìtima ideia","OK","Eu gostaria de n√£o precisar comer. Que a cozinha me desse uma barrinha que desse pra comer em 1 minuto e tivesse tudo que eu precisasse por horas. Comer outros tipos de comida (arroz, feij√£o etc.) deveria ser lazer, n√£o necessidade."
"2018/06/28 9:25:14 AM GMT-3","Boa ideia","√ìtima ideia","√ìtima ideia","√ìtima ideia","√ìtima ideia","√ìtima ideia","√ìtima ideia","√ìtima ideia","√ìtima ideia","OK",""
"2018/06/28 1:02:44 PM GMT-3","√ìtima ideia","√ìtima ideia","√ìtima ideia","√ìtima ideia","√ìtima ideia","Boa ideia","Boa ideia","√ìtima ideia","√ìtima ideia","√ìtima Ideia","Que a cozinha tamb√©m interaja com os outros c√¥modos da casa e comunique poss√≠veis alertas aos usu√°rios. 
Exemplo: Se est√° com a temperatura acima do normal ou algo quase pronto para sair do forno, a cozinha inteligente emite um alerta ao c√¥modo onde est√° o morador ou dissemina a mensagem para telas em todos os outros c√¥modos informando um comportamento fora do normal."
"2018/06/28 9:43:28 PM GMT-3","Boa ideia","Boa ideia","√ìtima ideia","√ìtima ideia","√ìtima ideia","√ìtima ideia","Boa ideia","√ìtima ideia","√ìtima ideia","√ìtima Ideia","Mecanismos de seguran√ßa contra acidentes comuns em cozinhas, contra inc√™ncios, contra esquecer alimentos com o forno / fog√£o ligado, contra escapamento de g√°s."
"2018/06/30 6:15:41 PM GMT-3","√ìtima ideia","√ìtima ideia","√ìtima ideia","√ìtima ideia","Boa ideia","√ìtima ideia","√ìtima ideia","√ìtima ideia","Boa ideia","Creio que pouco ajuda","Cozinha receba comando √† dist√¢ncia para preparar refei√ß√µes! A cozinha se comunique direto com o mercado enviando lista de compras sob demandas pr√© programadas. "
"2018/06/30 6:33:18 PM GMT-3","Boa ideia","√ìtima ideia","√ìtima ideia","Boa ideia","Boa ideia","Boa ideia","Boa ideia","√ìtima ideia","√ìtima ideia","√ìtima Ideia",""
"2018/06/30 7:42:25 PM GMT-3","Desnecess√°rio","OK","Desnecess√°rio","√ìtima ideia","√ìtima ideia","OK","√ìtima ideia","Boa ideia","√ìtima ideia","Desnecess√°rio",""
"2018/06/30 7:46:23 PM GMT-3","√ìtima ideia","Creio que pouco ajuda","Creio que pouco ajuda","OK","√ìtima ideia","Desnecess√°rio","√ìtima ideia","√ìtima ideia","√ìtima ideia","√ìtima Ideia",""
"2018/06/30 8:37:08 PM GMT-3","√ìtima ideia","√ìtima ideia","√ìtima ideia","√ìtima ideia","√ìtima ideia","√ìtima ideia","√ìtima ideia","√ìtima ideia","√ìtima ideia","√ìtima Ideia",""
"2018/06/30 8:42:38 PM GMT-3","√ìtima ideia","√ìtima ideia","√ìtima ideia","√ìtima ideia","√ìtima ideia","Boa ideia","OK","√ìtima ideia","√ìtima ideia","√ìtima Ideia",""
"2018/06/30 8:50:02 PM GMT-3","Desnecess√°rio","√ìtima ideia","OK","Boa ideia","OK","Desnecess√°rio","OK","Boa ideia","√ìtima ideia","Boa ideia",""
"2018/06/30 8:50:40 PM GMT-3","√ìtima ideia","√ìtima ideia","√ìtima ideia","√ìtima ideia","√ìtima ideia","√ìtima ideia","√ìtima ideia","Boa ideia","√ìtima ideia","√ìtima Ideia",""
"2018/06/30 8:54:51 PM GMT-3","√ìtima ideia","√ìtima ideia","√ìtima ideia","√ìtima ideia","√ìtima ideia","√ìtima ideia","√ìtima ideia","√ìtima ideia","Boa ideia","√ìtima Ideia",""
"2018/06/30 10:22:15 PM GMT-3","Boa ideia","√ìtima ideia","Boa ideia","√ìtima ideia","√ìtima ideia","OK","Boa ideia","√ìtima ideia","√ìtima ideia","Boa ideia",""
"2018/07/02 5:17:53 PM GMT-3","√ìtima ideia","√ìtima ideia","Boa ideia","√ìtima ideia","√ìtima ideia","√ìtima ideia","√ìtima ideia","√ìtima ideia","√ìtima ideia","Boa ideia",""